{
  "em": 0.38919648885887914,
  "f1": 0.4997511456221846,
  "prec": 0.528308711147778,
  "recall": 0.4993838064179042,
  "sp_em": 0.14409182984469954,
  "sp_f1": 0.5220730601081834,
  "sp_prec": 0.5527391402205728,
  "sp_recall": 0.5312917591074234,
  "joint_em": 0.10236326806212019,
  "joint_f1": 0.3351013371890012,
  "joint_prec": 0.365411961987529,
  "joint_recall": 0.34378831889719735
}
