{
  "em": 0.4665766374071573,
  "f1": 0.5936117682185962,
  "prec": 0.6122863207325587,
  "recall": 0.6085869440410289,
  "sp_em": 0.2688723835246455,
  "sp_f1": 0.5867134058828904,
  "sp_prec": 0.6627503938780098,
  "sp_recall": 0.5598951802192854,
  "joint_em": 0.187575962187711,
  "joint_f1": 0.4309140827814481,
  "joint_prec": 0.4940582585191812,
  "joint_recall": 0.4243843407761341
}